qname,class_name,file_path,facade_name,sal_fact_ref,source_spec,behavior_methods,tests,reviewer_status
office:document,Document,src/python/fodt/spec/office/document.py,,FACT-FODT-001,ODF,,tests/python/fodt/test_spec_compat_layer.py,ACCEPTED_VERIFIED
table:table,Table,src/python/fodt/spec/table/table.py,,FACT-FODT-007,ODF,,tests/python/fodt/test_spec_compat_layer.py,ACCEPTED_VERIFIED
table:table-cell,TableCell,src/python/fodt/spec/table/table_cell.py,,FACT-FODT-007,ODF,,tests/python/fodt/test_spec_compat_layer.py,ACCEPTED_VERIFIED
table:table-row,TableRow,src/python/fodt/spec/table/table_row.py,,FACT-FODT-007,ODF,,tests/python/fodt/test_spec_compat_layer.py,ACCEPTED_VERIFIED
text:h,Heading,src/python/fodt/spec/text/heading.py,,FACT-FODT-004,ODF,,tests/python/fodt/test_spec_compat_layer.py,ACCEPTED_VERIFIED
text:list,List,src/python/fodt/spec/text/list_.py,,FACT-FODT-005,ODF,,tests/python/fodt/test_spec_compat_layer.py,ACCEPTED_VERIFIED
text:list-item,ListItem,src/python/fodt/spec/text/list_item.py,,FACT-FODT-005,ODF,,tests/python/fodt/test_spec_compat_layer.py,ACCEPTED_VERIFIED
text:p,Paragraph,src/python/fodt/spec/text/paragraph.py,,FACT-FODT-003,ODF,,tests/python/fodt/test_spec_compat_layer.py,ACCEPTED_VERIFIED
text:span,Span,src/python/fodt/spec/text/span.py,,FACT-FODT-006,ODF,,tests/python/fodt/test_spec_compat_layer.py,ACCEPTED_VERIFIED
